<?xml version="1.0" encoding="UTF-8"?>
<!-- Product Version: Vivado v2018.3 (64-bit)                     -->
<!--                                                              -->
<!-- Copyright 1986-2018 Xilinx, Inc. All Rights Reserved.        -->

<hwsession version="1" minor="2">
  <device name="xc7s15_0" gui_info="dashboard1=hw_ila_1[xc7s15_0/hw_ila_1/Capture Setup=ILA_CAPTURE_1;xc7s15_0/hw_ila_1/Status=ILA_STATUS_1;xc7s15_0/hw_ila_1/Settings=ILA_SETTINGS_1;xc7s15_0/hw_ila_1/Waveform=ILA_WAVE_1;xc7s15_0/hw_ila_1/Trigger Setup=ILA_TRIGGER_1;]"/>
  <ObjectList object_type="hw_device" gui_info="">
    <Object name="xc7s15_0" gui_info="">
      <Properties Property="FULL_PROBES.FILE" value="$_project_name_.runs/impl_1/example_top.ltx"/>
      <Properties Property="PROBES.FILE" value="$_project_name_.runs/impl_1/example_top.ltx"/>
      <Properties Property="PROGRAM.HW_BITSTREAM" value="$_project_name_.runs/impl_1/example_top.bit"/>
      <Properties Property="SLR.COUNT" value="1"/>
    </Object>
  </ObjectList>
  <ObjectList object_type="hw_ila" gui_info="">
    <Object name="ila_0_inst" gui_info="">
      <Properties Property="CONTROL.TRIGGER_CONDITION" value="AND"/>
      <Properties Property="CORE_REFRESH_RATE_MS" value="500"/>
    </Object>
  </ObjectList>
  <probeset name="hw project" active="false">
    <probe type="ila" busType="net" source="netlist" spec="ILA_V2_RT">
      <probeOptions Id="DebugProbeParams">
        <Option Id="CAPTURE_COMPARE_VALUE" value="eq1&apos;bX"/>
        <Option Id="COMPARE_VALUE.0" value="eq1&apos;bX"/>
        <Option Id="DISPLAY_AS_ENUM" value="1"/>
        <Option Id="DISPLAY_HINT" value=""/>
        <Option Id="DISPLAY_RADIX" value="HEX"/>
        <Option Id="DISPLAY_VISIBILITY" value=""/>
        <Option Id="HW_ILA" value="hw_ila_1"/>
        <Option Id="LINK_TO_WAVEFORM" value="1"/>
        <Option Id="MAP" value="probe9[31]"/>
        <Option Id="NAME.CUSTOM" value=""/>
        <Option Id="NAME.SELECT" value="Long"/>
        <Option Id="SOURCE" value="netlist"/>
        <Option Id="TRIGGER_COMPARE_VALUE" value="eq1&apos;bX"/>
        <Option Id="WAVEFORM_STYLE" value="Digital"/>
      </probeOptions>
      <nets>
        <net name="&lt;const0>"/>
      </nets>
    </probe>
    <probe type="ila" busType="net" source="netlist" spec="ILA_V2_RT">
      <probeOptions Id="DebugProbeParams">
        <Option Id="CAPTURE_COMPARE_VALUE" value="eq1&apos;bX"/>
        <Option Id="COMPARE_VALUE.0" value="eq1&apos;bX"/>
        <Option Id="DISPLAY_AS_ENUM" value="1"/>
        <Option Id="DISPLAY_HINT" value=""/>
        <Option Id="DISPLAY_RADIX" value="HEX"/>
        <Option Id="DISPLAY_VISIBILITY" value=""/>
        <Option Id="HW_ILA" value="hw_ila_1"/>
        <Option Id="LINK_TO_WAVEFORM" value="1"/>
        <Option Id="MAP" value="probe9[28]"/>
        <Option Id="NAME.CUSTOM" value=""/>
        <Option Id="NAME.SELECT" value="Long"/>
        <Option Id="SOURCE" value="netlist"/>
        <Option Id="TRIGGER_COMPARE_VALUE" value="eq1&apos;bX"/>
        <Option Id="WAVEFORM_STYLE" value="Digital"/>
      </probeOptions>
      <nets>
        <net name="&lt;const0>_1"/>
      </nets>
    </probe>
    <probe type="ila" busType="net" source="netlist" spec="ILA_V2_RT">
      <probeOptions Id="DebugProbeParams">
        <Option Id="CAPTURE_COMPARE_VALUE" value="eq1&apos;bX"/>
        <Option Id="COMPARE_VALUE.0" value="eq1&apos;bX"/>
        <Option Id="DISPLAY_AS_ENUM" value="1"/>
        <Option Id="DISPLAY_HINT" value=""/>
        <Option Id="DISPLAY_RADIX" value="HEX"/>
        <Option Id="DISPLAY_VISIBILITY" value=""/>
        <Option Id="HW_ILA" value="hw_ila_1"/>
        <Option Id="LINK_TO_WAVEFORM" value="1"/>
        <Option Id="MAP" value="probe9[29]"/>
        <Option Id="NAME.CUSTOM" value=""/>
        <Option Id="NAME.SELECT" value="Long"/>
        <Option Id="SOURCE" value="netlist"/>
        <Option Id="TRIGGER_COMPARE_VALUE" value="eq1&apos;bX"/>
        <Option Id="WAVEFORM_STYLE" value="Digital"/>
      </probeOptions>
      <nets>
        <net name="&lt;const0>_2"/>
      </nets>
    </probe>
    <probe type="ila" busType="net" source="netlist" spec="ILA_V2_RT">
      <probeOptions Id="DebugProbeParams">
        <Option Id="CAPTURE_COMPARE_VALUE" value="eq1&apos;bX"/>
        <Option Id="COMPARE_VALUE.0" value="eq1&apos;bX"/>
        <Option Id="DISPLAY_AS_ENUM" value="1"/>
        <Option Id="DISPLAY_HINT" value=""/>
        <Option Id="DISPLAY_RADIX" value="HEX"/>
        <Option Id="DISPLAY_VISIBILITY" value=""/>
        <Option Id="HW_ILA" value="hw_ila_1"/>
        <Option Id="LINK_TO_WAVEFORM" value="1"/>
        <Option Id="MAP" value="probe9[30]"/>
        <Option Id="NAME.CUSTOM" value=""/>
        <Option Id="NAME.SELECT" value="Long"/>
        <Option Id="SOURCE" value="netlist"/>
        <Option Id="TRIGGER_COMPARE_VALUE" value="eq1&apos;bX"/>
        <Option Id="WAVEFORM_STYLE" value="Digital"/>
      </probeOptions>
      <nets>
        <net name="&lt;const0>_3"/>
      </nets>
    </probe>
    <probe type="ila" busType="net" source="netlist" spec="ILA_V2_RT">
      <probeOptions Id="DebugProbeParams">
        <Option Id="CAPTURE_COMPARE_VALUE" value="eq1&apos;bX"/>
        <Option Id="COMPARE_VALUE.0" value="eq1&apos;bX"/>
        <Option Id="DISPLAY_AS_ENUM" value="1"/>
        <Option Id="DISPLAY_HINT" value=""/>
        <Option Id="DISPLAY_RADIX" value="HEX"/>
        <Option Id="DISPLAY_VISIBILITY" value=""/>
        <Option Id="HW_ILA" value="hw_ila_1"/>
        <Option Id="LINK_TO_WAVEFORM" value="1"/>
        <Option Id="MAP" value="probe10[0]"/>
        <Option Id="NAME.CUSTOM" value=""/>
        <Option Id="NAME.SELECT" value="Long"/>
        <Option Id="SOURCE" value="netlist"/>
        <Option Id="TRIGGER_COMPARE_VALUE" value="eq1&apos;bX"/>
        <Option Id="WAVEFORM_STYLE" value="Digital"/>
      </probeOptions>
      <nets>
        <net name="&lt;const0>_4"/>
      </nets>
    </probe>
    <probe type="ila" busType="bus" source="netlist" spec="ILA_V2_RT">
      <probeOptions Id="DebugProbeParams">
        <Option Id="CAPTURE_COMPARE_VALUE" value="eq28&apos;hXXX_XXXX"/>
        <Option Id="COMPARE_VALUE.0" value="eq28&apos;hXXX_XXXX"/>
        <Option Id="DISPLAY_AS_ENUM" value="1"/>
        <Option Id="DISPLAY_HINT" value=""/>
        <Option Id="DISPLAY_RADIX" value="HEX"/>
        <Option Id="DISPLAY_VISIBILITY" value=""/>
        <Option Id="HW_ILA" value="hw_ila_1"/>
        <Option Id="LINK_TO_WAVEFORM" value="1"/>
        <Option Id="MAP" value="probe9[27:0]"/>
        <Option Id="NAME.CUSTOM" value=""/>
        <Option Id="NAME.SELECT" value="Long"/>
        <Option Id="SOURCE" value="netlist"/>
        <Option Id="TRIGGER_COMPARE_VALUE" value="eq28&apos;hXXX_XXXX"/>
        <Option Id="WAVEFORM_STYLE" value="Digital"/>
      </probeOptions>
      <nets>
        <net name="app_addr[27]"/>
        <net name="app_addr[26]"/>
        <net name="app_addr[25]"/>
        <net name="app_addr[24]"/>
        <net name="app_addr[23]"/>
        <net name="app_addr[22]"/>
        <net name="app_addr[21]"/>
        <net name="app_addr[20]"/>
        <net name="app_addr[19]"/>
        <net name="app_addr[18]"/>
        <net name="app_addr[17]"/>
        <net name="app_addr[16]"/>
        <net name="app_addr[15]"/>
        <net name="app_addr[14]"/>
        <net name="app_addr[13]"/>
        <net name="app_addr[12]"/>
        <net name="app_addr[11]"/>
        <net name="app_addr[10]"/>
        <net name="app_addr[9]"/>
        <net name="app_addr[8]"/>
        <net name="app_addr[7]"/>
        <net name="app_addr[6]"/>
        <net name="app_addr[5]"/>
        <net name="app_addr[4]"/>
        <net name="app_addr[3]"/>
        <net name="app_addr[2]"/>
        <net name="app_addr[1]"/>
        <net name="app_addr[0]"/>
      </nets>
    </probe>
    <probe type="ila" busType="net" source="netlist" spec="ILA_V2_RT">
      <probeOptions Id="DebugProbeParams">
        <Option Id="CAPTURE_COMPARE_VALUE" value="eq1&apos;bX"/>
        <Option Id="COMPARE_VALUE.0" value="eq1&apos;bX"/>
        <Option Id="DISPLAY_AS_ENUM" value="1"/>
        <Option Id="DISPLAY_HINT" value=""/>
        <Option Id="DISPLAY_RADIX" value="HEX"/>
        <Option Id="DISPLAY_VISIBILITY" value=""/>
        <Option Id="HW_ILA" value="hw_ila_1"/>
        <Option Id="LINK_TO_WAVEFORM" value="1"/>
        <Option Id="MAP" value="probe10[0]"/>
        <Option Id="NAME.CUSTOM" value=""/>
        <Option Id="NAME.SELECT" value="Long"/>
        <Option Id="SOURCE" value="netlist"/>
        <Option Id="TRIGGER_COMPARE_VALUE" value="eq1&apos;bX"/>
        <Option Id="WAVEFORM_STYLE" value="Digital"/>
      </probeOptions>
      <nets>
        <net name="app_en"/>
      </nets>
    </probe>
    <probe type="ila" busType="bus" source="netlist" spec="ILA_V2_RT">
      <probeOptions Id="DebugProbeParams">
        <Option Id="CAPTURE_COMPARE_VALUE" value="eq64&apos;hXXXX_XXXX_XXXX_XXXX"/>
        <Option Id="COMPARE_VALUE.0" value="eq64&apos;hXXXX_XXXX_XXXX_XXXX"/>
        <Option Id="DISPLAY_AS_ENUM" value="1"/>
        <Option Id="DISPLAY_HINT" value=""/>
        <Option Id="DISPLAY_RADIX" value="HEX"/>
        <Option Id="DISPLAY_VISIBILITY" value=""/>
        <Option Id="HW_ILA" value="hw_ila_1"/>
        <Option Id="LINK_TO_WAVEFORM" value="1"/>
        <Option Id="MAP" value="probe3[63:0]"/>
        <Option Id="NAME.CUSTOM" value=""/>
        <Option Id="NAME.SELECT" value="Long"/>
        <Option Id="SOURCE" value="netlist"/>
        <Option Id="TRIGGER_COMPARE_VALUE" value="eq64&apos;hXXXX_XXXX_XXXX_XXXX"/>
        <Option Id="WAVEFORM_STYLE" value="Digital"/>
      </probeOptions>
      <nets>
        <net name="app_rd_data[63]"/>
        <net name="app_rd_data[62]"/>
        <net name="app_rd_data[61]"/>
        <net name="app_rd_data[60]"/>
        <net name="app_rd_data[59]"/>
        <net name="app_rd_data[58]"/>
        <net name="app_rd_data[57]"/>
        <net name="app_rd_data[56]"/>
        <net name="app_rd_data[55]"/>
        <net name="app_rd_data[54]"/>
        <net name="app_rd_data[53]"/>
        <net name="app_rd_data[52]"/>
        <net name="app_rd_data[51]"/>
        <net name="app_rd_data[50]"/>
        <net name="app_rd_data[49]"/>
        <net name="app_rd_data[48]"/>
        <net name="app_rd_data[47]"/>
        <net name="app_rd_data[46]"/>
        <net name="app_rd_data[45]"/>
        <net name="app_rd_data[44]"/>
        <net name="app_rd_data[43]"/>
        <net name="app_rd_data[42]"/>
        <net name="app_rd_data[41]"/>
        <net name="app_rd_data[40]"/>
        <net name="app_rd_data[39]"/>
        <net name="app_rd_data[38]"/>
        <net name="app_rd_data[37]"/>
        <net name="app_rd_data[36]"/>
        <net name="app_rd_data[35]"/>
        <net name="app_rd_data[34]"/>
        <net name="app_rd_data[33]"/>
        <net name="app_rd_data[32]"/>
        <net name="app_rd_data[31]"/>
        <net name="app_rd_data[30]"/>
        <net name="app_rd_data[29]"/>
        <net name="app_rd_data[28]"/>
        <net name="app_rd_data[27]"/>
        <net name="app_rd_data[26]"/>
        <net name="app_rd_data[25]"/>
        <net name="app_rd_data[24]"/>
        <net name="app_rd_data[23]"/>
        <net name="app_rd_data[22]"/>
        <net name="app_rd_data[21]"/>
        <net name="app_rd_data[20]"/>
        <net name="app_rd_data[19]"/>
        <net name="app_rd_data[18]"/>
        <net name="app_rd_data[17]"/>
        <net name="app_rd_data[16]"/>
        <net name="app_rd_data[15]"/>
        <net name="app_rd_data[14]"/>
        <net name="app_rd_data[13]"/>
        <net name="app_rd_data[12]"/>
        <net name="app_rd_data[11]"/>
        <net name="app_rd_data[10]"/>
        <net name="app_rd_data[9]"/>
        <net name="app_rd_data[8]"/>
        <net name="app_rd_data[7]"/>
        <net name="app_rd_data[6]"/>
        <net name="app_rd_data[5]"/>
        <net name="app_rd_data[4]"/>
        <net name="app_rd_data[3]"/>
        <net name="app_rd_data[2]"/>
        <net name="app_rd_data[1]"/>
        <net name="app_rd_data[0]"/>
      </nets>
    </probe>
    <probe type="ila" busType="net" source="netlist" spec="ILA_V2_RT">
      <probeOptions Id="DebugProbeParams">
        <Option Id="CAPTURE_COMPARE_VALUE" value="eq1&apos;bX"/>
        <Option Id="COMPARE_VALUE.0" value="eq1&apos;bX"/>
        <Option Id="DISPLAY_AS_ENUM" value="1"/>
        <Option Id="DISPLAY_HINT" value=""/>
        <Option Id="DISPLAY_RADIX" value="HEX"/>
        <Option Id="DISPLAY_VISIBILITY" value=""/>
        <Option Id="HW_ILA" value="hw_ila_1"/>
        <Option Id="LINK_TO_WAVEFORM" value="1"/>
        <Option Id="MAP" value="probe8[0]"/>
        <Option Id="NAME.CUSTOM" value=""/>
        <Option Id="NAME.SELECT" value="Long"/>
        <Option Id="SOURCE" value="netlist"/>
        <Option Id="TRIGGER_COMPARE_VALUE" value="eq1&apos;bX"/>
        <Option Id="WAVEFORM_STYLE" value="Digital"/>
      </probeOptions>
      <nets>
        <net name="app_rdy"/>
      </nets>
    </probe>
    <probe type="ila" busType="net" source="netlist" spec="ILA_V2_RT">
      <probeOptions Id="DebugProbeParams">
        <Option Id="CAPTURE_COMPARE_VALUE" value="eq1&apos;bX"/>
        <Option Id="COMPARE_VALUE.0" value="eq1&apos;bX"/>
        <Option Id="DISPLAY_AS_ENUM" value="1"/>
        <Option Id="DISPLAY_HINT" value=""/>
        <Option Id="DISPLAY_RADIX" value="HEX"/>
        <Option Id="DISPLAY_VISIBILITY" value=""/>
        <Option Id="HW_ILA" value="hw_ila_1"/>
        <Option Id="LINK_TO_WAVEFORM" value="1"/>
        <Option Id="MAP" value="probe11[0]"/>
        <Option Id="NAME.CUSTOM" value=""/>
        <Option Id="NAME.SELECT" value="Long"/>
        <Option Id="SOURCE" value="netlist"/>
        <Option Id="TRIGGER_COMPARE_VALUE" value="eq1&apos;bX"/>
        <Option Id="WAVEFORM_STYLE" value="Digital"/>
      </probeOptions>
      <nets>
        <net name="app_wdf_wren"/>
      </nets>
    </probe>
    <probe type="ila" busType="bus" source="netlist" spec="ILA_V2_RT">
      <probeOptions Id="DebugProbeParams">
        <Option Id="CAPTURE_COMPARE_VALUE" value="eq64&apos;hXXXX_XXXX_XXXX_XXXX"/>
        <Option Id="COMPARE_VALUE.0" value="eq64&apos;hXXXX_XXXX_XXXX_XXXX"/>
        <Option Id="DISPLAY_AS_ENUM" value="1"/>
        <Option Id="DISPLAY_HINT" value=""/>
        <Option Id="DISPLAY_RADIX" value="HEX"/>
        <Option Id="DISPLAY_VISIBILITY" value=""/>
        <Option Id="HW_ILA" value="hw_ila_1"/>
        <Option Id="LINK_TO_WAVEFORM" value="1"/>
        <Option Id="MAP" value="probe4[63:0]"/>
        <Option Id="NAME.CUSTOM" value=""/>
        <Option Id="NAME.SELECT" value="Long"/>
        <Option Id="SOURCE" value="netlist"/>
        <Option Id="TRIGGER_COMPARE_VALUE" value="eq64&apos;hXXXX_XXXX_XXXX_XXXX"/>
        <Option Id="WAVEFORM_STYLE" value="Digital"/>
      </probeOptions>
      <nets>
        <net name="cmp_data[63]"/>
        <net name="cmp_data[62]"/>
        <net name="cmp_data[61]"/>
        <net name="cmp_data[60]"/>
        <net name="cmp_data[59]"/>
        <net name="cmp_data[58]"/>
        <net name="cmp_data[57]"/>
        <net name="cmp_data[56]"/>
        <net name="cmp_data[55]"/>
        <net name="cmp_data[54]"/>
        <net name="cmp_data[53]"/>
        <net name="cmp_data[52]"/>
        <net name="cmp_data[51]"/>
        <net name="cmp_data[50]"/>
        <net name="cmp_data[49]"/>
        <net name="cmp_data[48]"/>
        <net name="cmp_data[47]"/>
        <net name="cmp_data[46]"/>
        <net name="cmp_data[45]"/>
        <net name="cmp_data[44]"/>
        <net name="cmp_data[43]"/>
        <net name="cmp_data[42]"/>
        <net name="cmp_data[41]"/>
        <net name="cmp_data[40]"/>
        <net name="cmp_data[39]"/>
        <net name="cmp_data[38]"/>
        <net name="cmp_data[37]"/>
        <net name="cmp_data[36]"/>
        <net name="cmp_data[35]"/>
        <net name="cmp_data[34]"/>
        <net name="cmp_data[33]"/>
        <net name="cmp_data[32]"/>
        <net name="cmp_data[31]"/>
        <net name="cmp_data[30]"/>
        <net name="cmp_data[29]"/>
        <net name="cmp_data[28]"/>
        <net name="cmp_data[27]"/>
        <net name="cmp_data[26]"/>
        <net name="cmp_data[25]"/>
        <net name="cmp_data[24]"/>
        <net name="cmp_data[23]"/>
        <net name="cmp_data[22]"/>
        <net name="cmp_data[21]"/>
        <net name="cmp_data[20]"/>
        <net name="cmp_data[19]"/>
        <net name="cmp_data[18]"/>
        <net name="cmp_data[17]"/>
        <net name="cmp_data[16]"/>
        <net name="cmp_data[15]"/>
        <net name="cmp_data[14]"/>
        <net name="cmp_data[13]"/>
        <net name="cmp_data[12]"/>
        <net name="cmp_data[11]"/>
        <net name="cmp_data[10]"/>
        <net name="cmp_data[9]"/>
        <net name="cmp_data[8]"/>
        <net name="cmp_data[7]"/>
        <net name="cmp_data[6]"/>
        <net name="cmp_data[5]"/>
        <net name="cmp_data[4]"/>
        <net name="cmp_data[3]"/>
        <net name="cmp_data[2]"/>
        <net name="cmp_data[1]"/>
        <net name="cmp_data[0]"/>
      </nets>
    </probe>
    <probe type="ila" busType="net" source="netlist" spec="ILA_V2_RT">
      <probeOptions Id="DebugProbeParams">
        <Option Id="CAPTURE_COMPARE_VALUE" value="eq1&apos;bX"/>
        <Option Id="COMPARE_VALUE.0" value="eq1&apos;bX"/>
        <Option Id="DISPLAY_AS_ENUM" value="1"/>
        <Option Id="DISPLAY_HINT" value=""/>
        <Option Id="DISPLAY_RADIX" value="HEX"/>
        <Option Id="DISPLAY_VISIBILITY" value=""/>
        <Option Id="HW_ILA" value="hw_ila_1"/>
        <Option Id="LINK_TO_WAVEFORM" value="1"/>
        <Option Id="MAP" value="probe7[0]"/>
        <Option Id="NAME.CUSTOM" value=""/>
        <Option Id="NAME.SELECT" value="Long"/>
        <Option Id="SOURCE" value="netlist"/>
        <Option Id="TRIGGER_COMPARE_VALUE" value="eq1&apos;bX"/>
        <Option Id="WAVEFORM_STYLE" value="Digital"/>
      </probeOptions>
      <nets>
        <net name="cmp_data_valid"/>
      </nets>
    </probe>
    <probe type="ila" busType="net" source="netlist" spec="ILA_V2_RT">
      <probeOptions Id="DebugProbeParams">
        <Option Id="CAPTURE_COMPARE_VALUE" value="eq1&apos;bX"/>
        <Option Id="COMPARE_VALUE.0" value="eq1&apos;bX"/>
        <Option Id="DISPLAY_AS_ENUM" value="1"/>
        <Option Id="DISPLAY_HINT" value=""/>
        <Option Id="DISPLAY_RADIX" value="HEX"/>
        <Option Id="DISPLAY_VISIBILITY" value=""/>
        <Option Id="HW_ILA" value="hw_ila_1"/>
        <Option Id="LINK_TO_WAVEFORM" value="1"/>
        <Option Id="MAP" value="probe2[0]"/>
        <Option Id="NAME.CUSTOM" value=""/>
        <Option Id="NAME.SELECT" value="Long"/>
        <Option Id="SOURCE" value="netlist"/>
        <Option Id="TRIGGER_COMPARE_VALUE" value="eq1&apos;bX"/>
        <Option Id="WAVEFORM_STYLE" value="Digital"/>
      </probeOptions>
      <nets>
        <net name="cmp_error"/>
      </nets>
    </probe>
    <probe type="ila" busType="net" source="netlist" spec="ILA_V2_RT">
      <probeOptions Id="DebugProbeParams">
        <Option Id="CAPTURE_COMPARE_VALUE" value="eq1&apos;bX"/>
        <Option Id="COMPARE_VALUE.0" value="eq1&apos;bX"/>
        <Option Id="DISPLAY_AS_ENUM" value="1"/>
        <Option Id="DISPLAY_HINT" value=""/>
        <Option Id="DISPLAY_RADIX" value="HEX"/>
        <Option Id="DISPLAY_VISIBILITY" value=""/>
        <Option Id="HW_ILA" value="hw_ila_1"/>
        <Option Id="LINK_TO_WAVEFORM" value="1"/>
        <Option Id="MAP" value="probe0[0]"/>
        <Option Id="NAME.CUSTOM" value=""/>
        <Option Id="NAME.SELECT" value="Long"/>
        <Option Id="SOURCE" value="netlist"/>
        <Option Id="TRIGGER_COMPARE_VALUE" value="eq1&apos;bX"/>
        <Option Id="WAVEFORM_STYLE" value="Digital"/>
      </probeOptions>
      <nets>
        <net name="init_calib_complete_OBUF"/>
      </nets>
    </probe>
    <probe type="ila" busType="net" source="netlist" spec="ILA_V2_RT">
      <probeOptions Id="DebugProbeParams">
        <Option Id="CAPTURE_COMPARE_VALUE" value="eq1&apos;bX"/>
        <Option Id="COMPARE_VALUE.0" value="eq1&apos;bX"/>
        <Option Id="DISPLAY_AS_ENUM" value="1"/>
        <Option Id="DISPLAY_HINT" value=""/>
        <Option Id="DISPLAY_RADIX" value="HEX"/>
        <Option Id="DISPLAY_VISIBILITY" value=""/>
        <Option Id="HW_ILA" value="hw_ila_1"/>
        <Option Id="LINK_TO_WAVEFORM" value="1"/>
        <Option Id="MAP" value="probe1[0]"/>
        <Option Id="NAME.CUSTOM" value=""/>
        <Option Id="NAME.SELECT" value="Long"/>
        <Option Id="SOURCE" value="netlist"/>
        <Option Id="TRIGGER_COMPARE_VALUE" value="eq1&apos;bX"/>
        <Option Id="WAVEFORM_STYLE" value="Digital"/>
      </probeOptions>
      <nets>
        <net name="tg_compare_error_OBUF"/>
      </nets>
    </probe>
    <probe type="ila" busType="bus" source="netlist" spec="ILA_V2_RT">
      <probeOptions Id="DebugProbeParams">
        <Option Id="CAPTURE_COMPARE_VALUE" value="eq48&apos;hXXXX_XXXX_XXXX"/>
        <Option Id="COMPARE_VALUE.0" value="eq48&apos;hXXXX_XXXX_XXXX"/>
        <Option Id="DISPLAY_AS_ENUM" value="1"/>
        <Option Id="DISPLAY_HINT" value=""/>
        <Option Id="DISPLAY_RADIX" value="HEX"/>
        <Option Id="DISPLAY_VISIBILITY" value=""/>
        <Option Id="HW_ILA" value="hw_ila_1"/>
        <Option Id="LINK_TO_WAVEFORM" value="1"/>
        <Option Id="MAP" value="probe6[47:0]"/>
        <Option Id="NAME.CUSTOM" value=""/>
        <Option Id="NAME.SELECT" value="Long"/>
        <Option Id="SOURCE" value="netlist"/>
        <Option Id="TRIGGER_COMPARE_VALUE" value="eq48&apos;hXXXX_XXXX_XXXX"/>
        <Option Id="WAVEFORM_STYLE" value="Digital"/>
      </probeOptions>
      <nets>
        <net name="tg_rd_data_counts[47]"/>
        <net name="tg_rd_data_counts[46]"/>
        <net name="tg_rd_data_counts[45]"/>
        <net name="tg_rd_data_counts[44]"/>
        <net name="tg_rd_data_counts[43]"/>
        <net name="tg_rd_data_counts[42]"/>
        <net name="tg_rd_data_counts[41]"/>
        <net name="tg_rd_data_counts[40]"/>
        <net name="tg_rd_data_counts[39]"/>
        <net name="tg_rd_data_counts[38]"/>
        <net name="tg_rd_data_counts[37]"/>
        <net name="tg_rd_data_counts[36]"/>
        <net name="tg_rd_data_counts[35]"/>
        <net name="tg_rd_data_counts[34]"/>
        <net name="tg_rd_data_counts[33]"/>
        <net name="tg_rd_data_counts[32]"/>
        <net name="tg_rd_data_counts[31]"/>
        <net name="tg_rd_data_counts[30]"/>
        <net name="tg_rd_data_counts[29]"/>
        <net name="tg_rd_data_counts[28]"/>
        <net name="tg_rd_data_counts[27]"/>
        <net name="tg_rd_data_counts[26]"/>
        <net name="tg_rd_data_counts[25]"/>
        <net name="tg_rd_data_counts[24]"/>
        <net name="tg_rd_data_counts[23]"/>
        <net name="tg_rd_data_counts[22]"/>
        <net name="tg_rd_data_counts[21]"/>
        <net name="tg_rd_data_counts[20]"/>
        <net name="tg_rd_data_counts[19]"/>
        <net name="tg_rd_data_counts[18]"/>
        <net name="tg_rd_data_counts[17]"/>
        <net name="tg_rd_data_counts[16]"/>
        <net name="tg_rd_data_counts[15]"/>
        <net name="tg_rd_data_counts[14]"/>
        <net name="tg_rd_data_counts[13]"/>
        <net name="tg_rd_data_counts[12]"/>
        <net name="tg_rd_data_counts[11]"/>
        <net name="tg_rd_data_counts[10]"/>
        <net name="tg_rd_data_counts[9]"/>
        <net name="tg_rd_data_counts[8]"/>
        <net name="tg_rd_data_counts[7]"/>
        <net name="tg_rd_data_counts[6]"/>
        <net name="tg_rd_data_counts[5]"/>
        <net name="tg_rd_data_counts[4]"/>
        <net name="tg_rd_data_counts[3]"/>
        <net name="tg_rd_data_counts[2]"/>
        <net name="tg_rd_data_counts[1]"/>
        <net name="tg_rd_data_counts[0]"/>
      </nets>
    </probe>
    <probe type="ila" busType="bus" source="netlist" spec="ILA_V2_RT">
      <probeOptions Id="DebugProbeParams">
        <Option Id="CAPTURE_COMPARE_VALUE" value="eq48&apos;hXXXX_XXXX_XXXX"/>
        <Option Id="COMPARE_VALUE.0" value="eq48&apos;hXXXX_XXXX_XXXX"/>
        <Option Id="DISPLAY_AS_ENUM" value="1"/>
        <Option Id="DISPLAY_HINT" value=""/>
        <Option Id="DISPLAY_RADIX" value="HEX"/>
        <Option Id="DISPLAY_VISIBILITY" value=""/>
        <Option Id="HW_ILA" value="hw_ila_1"/>
        <Option Id="LINK_TO_WAVEFORM" value="1"/>
        <Option Id="MAP" value="probe5[47:0]"/>
        <Option Id="NAME.CUSTOM" value=""/>
        <Option Id="NAME.SELECT" value="Long"/>
        <Option Id="SOURCE" value="netlist"/>
        <Option Id="TRIGGER_COMPARE_VALUE" value="eq48&apos;hXXXX_XXXX_XXXX"/>
        <Option Id="WAVEFORM_STYLE" value="Digital"/>
      </probeOptions>
      <nets>
        <net name="tg_wr_data_counts[47]"/>
        <net name="tg_wr_data_counts[46]"/>
        <net name="tg_wr_data_counts[45]"/>
        <net name="tg_wr_data_counts[44]"/>
        <net name="tg_wr_data_counts[43]"/>
        <net name="tg_wr_data_counts[42]"/>
        <net name="tg_wr_data_counts[41]"/>
        <net name="tg_wr_data_counts[40]"/>
        <net name="tg_wr_data_counts[39]"/>
        <net name="tg_wr_data_counts[38]"/>
        <net name="tg_wr_data_counts[37]"/>
        <net name="tg_wr_data_counts[36]"/>
        <net name="tg_wr_data_counts[35]"/>
        <net name="tg_wr_data_counts[34]"/>
        <net name="tg_wr_data_counts[33]"/>
        <net name="tg_wr_data_counts[32]"/>
        <net name="tg_wr_data_counts[31]"/>
        <net name="tg_wr_data_counts[30]"/>
        <net name="tg_wr_data_counts[29]"/>
        <net name="tg_wr_data_counts[28]"/>
        <net name="tg_wr_data_counts[27]"/>
        <net name="tg_wr_data_counts[26]"/>
        <net name="tg_wr_data_counts[25]"/>
        <net name="tg_wr_data_counts[24]"/>
        <net name="tg_wr_data_counts[23]"/>
        <net name="tg_wr_data_counts[22]"/>
        <net name="tg_wr_data_counts[21]"/>
        <net name="tg_wr_data_counts[20]"/>
        <net name="tg_wr_data_counts[19]"/>
        <net name="tg_wr_data_counts[18]"/>
        <net name="tg_wr_data_counts[17]"/>
        <net name="tg_wr_data_counts[16]"/>
        <net name="tg_wr_data_counts[15]"/>
        <net name="tg_wr_data_counts[14]"/>
        <net name="tg_wr_data_counts[13]"/>
        <net name="tg_wr_data_counts[12]"/>
        <net name="tg_wr_data_counts[11]"/>
        <net name="tg_wr_data_counts[10]"/>
        <net name="tg_wr_data_counts[9]"/>
        <net name="tg_wr_data_counts[8]"/>
        <net name="tg_wr_data_counts[7]"/>
        <net name="tg_wr_data_counts[6]"/>
        <net name="tg_wr_data_counts[5]"/>
        <net name="tg_wr_data_counts[4]"/>
        <net name="tg_wr_data_counts[3]"/>
        <net name="tg_wr_data_counts[2]"/>
        <net name="tg_wr_data_counts[1]"/>
        <net name="tg_wr_data_counts[0]"/>
      </nets>
    </probe>
  </probeset>
</hwsession>
