<?xml version="1.0" encoding="UTF-8"?>
<GenRun Id="impl_1" LaunchPart="xc7s15ftgb196-1" LaunchTime="1588590467">
  <File Type="BITSTR-BMM" Name="Key_Jitter_bd.bmm"/>
  <File Type="OPT-METHODOLOGY-DRC" Name="Key_Jitter_methodology_drc_opted.rpt"/>
  <File Type="INIT-TIMING" Name="Key_Jitter_timing_summary_init.rpt"/>
  <File Type="ROUTE-PWR" Name="Key_Jitter_power_routed.rpt"/>
  <File Type="PA-TCL" Name="Key_Jitter.tcl"/>
  <File Type="OPT-TIMING" Name="Key_Jitter_timing_summary_opted.rpt"/>
  <File Type="OPT-DCP" Name="Key_Jitter_opt.dcp"/>
  <File Type="ROUTE-PWR-SUM" Name="Key_Jitter_power_summary_routed.pb"/>
  <File Type="REPORTS-TCL" Name="Key_Jitter_reports.tcl"/>
  <File Type="OPT-DRC" Name="Key_Jitter_drc_opted.rpt"/>
  <File Type="OPT-HWDEF" Name="Key_Jitter.hwdef"/>
  <File Type="PWROPT-DCP" Name="Key_Jitter_pwropt.dcp"/>
  <File Type="PWROPT-DRC" Name="Key_Jitter_drc_pwropted.rpt"/>
  <File Type="PWROPT-TIMING" Name="Key_Jitter_timing_summary_pwropted.rpt"/>
  <File Type="PLACE-DCP" Name="Key_Jitter_placed.dcp"/>
  <File Type="PLACE-IO" Name="Key_Jitter_io_placed.rpt"/>
  <File Type="PLACE-CLK" Name="Key_Jitter_clock_utilization_placed.rpt"/>
  <File Type="PLACE-UTIL" Name="Key_Jitter_utilization_placed.rpt"/>
  <File Type="PLACE-UTIL-PB" Name="Key_Jitter_utilization_placed.pb"/>
  <File Type="PLACE-CTRL" Name="Key_Jitter_control_sets_placed.rpt"/>
  <File Type="PLACE-SIMILARITY" Name="Key_Jitter_incremental_reuse_placed.rpt"/>
  <File Type="PLACE-PRE-SIMILARITY" Name="Key_Jitter_incremental_reuse_pre_placed.rpt"/>
  <File Type="BG-BGN" Name="Key_Jitter.bgn"/>
  <File Type="PLACE-TIMING" Name="Key_Jitter_timing_summary_placed.rpt"/>
  <File Type="POSTPLACE-PWROPT-DCP" Name="Key_Jitter_postplace_pwropt.dcp"/>
  <File Type="BG-BIN" Name="Key_Jitter.bin"/>
  <File Type="POSTPLACE-PWROPT-TIMING" Name="Key_Jitter_timing_summary_postplace_pwropted.rpt"/>
  <File Type="PHYSOPT-DCP" Name="Key_Jitter_physopt.dcp"/>
  <File Type="PHYSOPT-DRC" Name="Key_Jitter_drc_physopted.rpt"/>
  <File Type="BITSTR-MSK" Name="Key_Jitter.msk"/>
  <File Type="PHYSOPT-TIMING" Name="Key_Jitter_timing_summary_physopted.rpt"/>
  <File Type="ROUTE-ERROR-DCP" Name="Key_Jitter_routed_error.dcp"/>
  <File Type="ROUTE-DCP" Name="Key_Jitter_routed.dcp"/>
  <File Type="ROUTE-BLACKBOX-DCP" Name="Key_Jitter_routed_bb.dcp"/>
  <File Type="ROUTE-DRC" Name="Key_Jitter_drc_routed.rpt"/>
  <File Type="ROUTE-DRC-PB" Name="Key_Jitter_drc_routed.pb"/>
  <File Type="BITSTR-LTX" Name="debug_nets.ltx"/>
  <File Type="BITSTR-LTX" Name="Key_Jitter.ltx"/>
  <File Type="ROUTE-DRC-RPX" Name="Key_Jitter_drc_routed.rpx"/>
  <File Type="BITSTR-MMI" Name="Key_Jitter.mmi"/>
  <File Type="ROUTE-METHODOLOGY-DRC" Name="Key_Jitter_methodology_drc_routed.rpt"/>
  <File Type="ROUTE-METHODOLOGY-DRC-RPX" Name="Key_Jitter_methodology_drc_routed.rpx"/>
  <File Type="BITSTR-SYSDEF" Name="Key_Jitter.sysdef"/>
  <File Type="ROUTE-METHODOLOGY-DRC-PB" Name="Key_Jitter_methodology_drc_routed.pb"/>
  <File Type="ROUTE-PWR-RPX" Name="Key_Jitter_power_routed.rpx"/>
  <File Type="ROUTE-STATUS" Name="Key_Jitter_route_status.rpt"/>
  <File Type="ROUTE-STATUS-PB" Name="Key_Jitter_route_status.pb"/>
  <File Type="ROUTE-TIMINGSUMMARY" Name="Key_Jitter_timing_summary_routed.rpt"/>
  <File Type="ROUTE-TIMING-PB" Name="Key_Jitter_timing_summary_routed.pb"/>
  <File Type="ROUTE-TIMING-RPX" Name="Key_Jitter_timing_summary_routed.rpx"/>
  <File Type="ROUTE-SIMILARITY" Name="Key_Jitter_incremental_reuse_routed.rpt"/>
  <File Type="ROUTE-CLK" Name="Key_Jitter_clock_utilization_routed.rpt"/>
  <File Type="ROUTE-BUS-SKEW" Name="Key_Jitter_bus_skew_routed.rpt"/>
  <File Type="ROUTE-BUS-SKEW-PB" Name="Key_Jitter_bus_skew_routed.pb"/>
  <File Type="ROUTE-BUS-SKEW-RPX" Name="Key_Jitter_bus_skew_routed.rpx"/>
  <File Type="POSTROUTE-PHYSOPT-DCP" Name="Key_Jitter_postroute_physopt.dcp"/>
  <File Type="POSTROUTE-PHYSOPT-BLACKBOX-DCP" Name="Key_Jitter_postroute_physopt_bb.dcp"/>
  <File Type="POSTROUTE-PHYSOPT-TIMING" Name="Key_Jitter_timing_summary_postroute_physopted.rpt"/>
  <File Type="POSTROUTE-PHYSOPT-TIMING-PB" Name="Key_Jitter_timing_summary_postroute_physopted.pb"/>
  <File Type="POSTROUTE-PHYSOPT-TIMING-RPX" Name="Key_Jitter_timing_summary_postroute_physopted.rpx"/>
  <File Type="POSTROUTE-PHYSOPT-BUS-SKEW" Name="Key_Jitter_bus_skew_postroute_physopted.rpt"/>
  <File Type="POSTROUTE-PHYSOPT-BUS-SKEW-PB" Name="Key_Jitter_bus_skew_postroute_physopted.pb"/>
  <File Type="BG-BIT" Name="Key_Jitter.bit"/>
  <File Type="POSTROUTE-PHYSOPT-BUS-SKEW-RPX" Name="Key_Jitter_bus_skew_postroute_physopted.rpx"/>
  <File Type="BITSTR-RBT" Name="Key_Jitter.rbt"/>
  <File Type="BITSTR-NKY" Name="Key_Jitter.nky"/>
  <File Type="BG-DRC" Name="Key_Jitter.drc"/>
  <File Type="RDI-RDI" Name="Key_Jitter.vdi"/>
  <File Type="WBT-USG" Name="usage_statistics_webtalk.html"/>
  <FileSet Name="sources" Type="DesignSrcs" RelSrcDir="$PSRCDIR/sources_1">
    <Filter Type="Srcs"/>
    <File Path="$PPRDIR/Key_Jitter.v">
      <FileInfo>
        <Attr Name="UsedIn" Val="synthesis"/>
        <Attr Name="UsedIn" Val="implementation"/>
        <Attr Name="UsedIn" Val="simulation"/>
      </FileInfo>
    </File>
    <Config>
      <Option Name="DesignMode" Val="RTL"/>
      <Option Name="TopModule" Val="Key_Jitter"/>
      <Option Name="TopAutoSet" Val="TRUE"/>
    </Config>
  </FileSet>
  <FileSet Name="constrs_in" Type="Constrs" RelSrcDir="$PSRCDIR/constrs_1">
    <Filter Type="Constrs"/>
    <File Path="$PSRCDIR/constrs_1/new/Key_Jitter.xdc">
      <FileInfo>
        <Attr Name="UsedIn" Val="synthesis"/>
        <Attr Name="UsedIn" Val="implementation"/>
      </FileInfo>
    </File>
    <Config>
      <Option Name="ConstrsType" Val="XDC"/>
    </Config>
  </FileSet>
  <FileSet Name="utils" Type="Utils" RelSrcDir="$PSRCDIR/utils_1">
    <Filter Type="Utils"/>
    <Config>
      <Option Name="TopAutoSet" Val="TRUE"/>
    </Config>
  </FileSet>
  <Strategy Version="1" Minor="2">
    <StratHandle Name="Vivado Implementation Defaults" Flow="Vivado Implementation 2018"/>
    <Step Id="init_design"/>
    <Step Id="opt_design"/>
    <Step Id="power_opt_design"/>
    <Step Id="place_design"/>
    <Step Id="post_place_power_opt_design"/>
    <Step Id="phys_opt_design"/>
    <Step Id="route_design"/>
    <Step Id="post_route_phys_opt_design"/>
    <Step Id="write_bitstream"/>
  </Strategy>
</GenRun>
